食料品製造業,北海道,"2,209,056"
食料品製造業,青森県,"378,540"
食料品製造業,岩手県,"390,229"
食料品製造業,宮城県,"657,946"
食料品製造業,秋田県,"111,846"
食料品製造業,山形県,"327,281"
食料品製造業,福島県,"312,767"
食料品製造業,茨城県,"1,450,279"
食料品製造業,栃木県,"658,377"
食料品製造業,群馬県,"850,047"
食料品製造業,埼玉県,"2,048,853"
食料品製造業,千葉県,"1,623,769"
食料品製造業,東京都,"729,928"
食料品製造業,神奈川県,"1,669,233"
食料品製造業,新潟県,"813,921"
食料品製造業,富山県,"152,593"
食料品製造業,石川県,"187,905"
食料品製造業,福井県,"58,283"
食料品製造業,山梨県,"217,142"
食料品製造業,長野県,"586,602"
食料品製造業,岐阜県,"378,424"
食料品製造業,静岡県,"1,369,890"
食料品製造業,愛知県,"1,720,006"
食料品製造業,三重県,"500,635"
食料品製造業,滋賀県,"414,708"
食料品製造業,京都府,"571,063"
食料品製造業,大阪府,"1,314,582"
食料品製造業,兵庫県,"1,683,641"
食料品製造業,奈良県,"249,675"
食料品製造業,和歌山県,"186,105"
食料品製造業,鳥取県,"157,198"
食料品製造業,島根県,"70,829"
食料品製造業,岡山県,"550,285"
食料品製造業,広島県,"652,431"
食料品製造業,山口県,"221,125"
食料品製造業,徳島県,"143,511"
食料品製造業,香川県,"347,225"
食料品製造業,愛媛県,"301,064"
食料品製造業,高知県,"107,442"
食料品製造業,福岡県,"1,080,252"
食料品製造業,佐賀県,"355,299"
食料品製造業,長崎県,"305,603"
食料品製造業,熊本県,"390,335"
食料品製造業,大分県,"153,935"
食料品製造業,宮崎県,"325,225"
食料品製造業,鹿児島県,"687,537"
食料品製造業,沖縄県,"184,568"
飲料・たばこ・飼料製造業,北海道,"242,241"
飲料・たばこ・飼料製造業,青森県,"108,650"
飲料・たばこ・飼料製造業,岩手県,"47,009"
飲料・たばこ・飼料製造業,宮城県,"188,132"
飲料・たばこ・飼料製造業,秋田県,"21,703"
飲料・たばこ・飼料製造業,山形県,"45,009"
飲料・たばこ・飼料製造業,福島県,"133,853"
飲料・たばこ・飼料製造業,茨城県,"543,262"
飲料・たばこ・飼料製造業,栃木県,"935,194"
飲料・たばこ・飼料製造業,群馬県,"341,117"
飲料・たばこ・飼料製造業,埼玉県,"204,439"
飲料・たばこ・飼料製造業,千葉県,"390,508"
飲料・たばこ・飼料製造業,東京都,"103,193"
飲料・たばこ・飼料製造業,神奈川県,"419,552"
飲料・たばこ・飼料製造業,新潟県,"77,538"
飲料・たばこ・飼料製造業,富山県,"66,818"
飲料・たばこ・飼料製造業,石川県,"12,358"
飲料・たばこ・飼料製造業,福井県,"6,038"
飲料・たばこ・飼料製造業,山梨県,"186,017"
飲料・たばこ・飼料製造業,長野県,"149,731"
飲料・たばこ・飼料製造業,岐阜県,"76,625"
飲料・たばこ・飼料製造業,静岡県,"965,404"
飲料・たばこ・飼料製造業,愛知県,"435,625"
飲料・たばこ・飼料製造業,三重県,"93,670"
飲料・たばこ・飼料製造業,滋賀県,"138,167"
飲料・たばこ・飼料製造業,京都府,"837,899"
飲料・たばこ・飼料製造業,大阪府,"244,862"
飲料・たばこ・飼料製造業,兵庫県,"460,064"
飲料・たばこ・飼料製造業,奈良県,"23,427"
飲料・たばこ・飼料製造業,和歌山県,"53,326"
飲料・たばこ・飼料製造業,鳥取県,"24,318"
飲料・たばこ・飼料製造業,島根県,"12,878"
飲料・たばこ・飼料製造業,岡山県,"165,044"
飲料・たばこ・飼料製造業,広島県,"46,897"
飲料・たばこ・飼料製造業,山口県,"50,148"
飲料・たばこ・飼料製造業,徳島県,"34,709"
飲料・たばこ・飼料製造業,香川県,"18,576"
飲料・たばこ・飼料製造業,愛媛県,"65,004"
飲料・たばこ・飼料製造業,高知県,"12,835"
飲料・たばこ・飼料製造業,福岡県,"563,065"
飲料・たばこ・飼料製造業,佐賀県,"109,637"
飲料・たばこ・飼料製造業,長崎県,"25,494"
飲料・たばこ・飼料製造業,熊本県,"127,452"
飲料・たばこ・飼料製造業,大分県,"127,311"
飲料・たばこ・飼料製造業,宮崎県,"207,147"
飲料・たばこ・飼料製造業,鹿児島県,"389,938"
飲料・たばこ・飼料製造業,沖縄県,"70,112"
繊維工業,北海道,"28,019"
繊維工業,青森県,"20,108"
繊維工業,岩手県,"27,427"
繊維工業,宮城県,"18,014"
繊維工業,秋田県,"35,941"
繊維工業,山形県,"47,007"
繊維工業,福島県,"43,564"
繊維工業,茨城県,"59,106"
繊維工業,栃木県,"56,899"
繊維工業,群馬県,"47,236"
繊維工業,埼玉県,"85,129"
繊維工業,千葉県,"24,448"
繊維工業,東京都,"54,471"
繊維工業,神奈川県,"39,656"
繊維工業,新潟県,"73,322"
繊維工業,富山県,"56,021"
繊維工業,石川県,"192,938"
繊維工業,福井県,"230,561"
繊維工業,山梨県,"34,410"
繊維工業,長野県,"17,645"
繊維工業,岐阜県,"140,573"
繊維工業,静岡県,"110,861"
繊維工業,愛知県,"352,833"
繊維工業,三重県,"48,380"
繊維工業,滋賀県,"222,281"
繊維工業,京都府,"96,712"
繊維工業,大阪府,"281,173"
繊維工業,兵庫県,"120,558"
繊維工業,奈良県,"64,190"
繊維工業,和歌山県,"69,205"
繊維工業,鳥取県,"16,834"
繊維工業,島根県,"33,055"
繊維工業,岡山県,"231,725"
繊維工業,広島県,"126,140"
繊維工業,山口県,"56,156"
繊維工業,徳島県,"24,298"
繊維工業,香川県,"40,811"
繊維工業,愛媛県,"189,565"
繊維工業,高知県,"14,148"
繊維工業,福岡県,"54,749"
繊維工業,佐賀県,"24,351"
繊維工業,長崎県,"28,483"
繊維工業,熊本県,"28,593"
繊維工業,大分県,"20,344"
繊維工業,宮崎県,"89,340"
繊維工業,鹿児島県,"13,085"
繊維工業,沖縄県,"3,727"
木材・木製品製造業（家具を除く）,北海道,"169,330"
木材・木製品製造業（家具を除く）,青森県,"18,687"
木材・木製品製造業（家具を除く）,岩手県,"59,778"
木材・木製品製造業（家具を除く）,宮城県,"84,741"
木材・木製品製造業（家具を除く）,秋田県,"69,038"
木材・木製品製造業（家具を除く）,山形県,"23,197"
木材・木製品製造業（家具を除く）,福島県,"59,341"
木材・木製品製造業（家具を除く）,茨城県,"167,490"
木材・木製品製造業（家具を除く）,栃木県,"100,081"
木材・木製品製造業（家具を除く）,群馬県,"73,889"
木材・木製品製造業（家具を除く）,埼玉県,"67,670"
木材・木製品製造業（家具を除く）,千葉県,"70,502"
木材・木製品製造業（家具を除く）,東京都,"10,766"
木材・木製品製造業（家具を除く）,神奈川県,"21,423"
木材・木製品製造業（家具を除く）,新潟県,"32,537"
木材・木製品製造業（家具を除く）,富山県,"33,511"
木材・木製品製造業（家具を除く）,石川県,"24,638"
木材・木製品製造業（家具を除く）,福井県,"79,850"
木材・木製品製造業（家具を除く）,山梨県,"8,882"
木材・木製品製造業（家具を除く）,長野県,"29,249"
木材・木製品製造業（家具を除く）,岐阜県,"71,838"
木材・木製品製造業（家具を除く）,静岡県,"210,794"
木材・木製品製造業（家具を除く）,愛知県,"142,973"
木材・木製品製造業（家具を除く）,三重県,"81,716"
木材・木製品製造業（家具を除く）,滋賀県,"32,603"
木材・木製品製造業（家具を除く）,京都府,"57,710"
木材・木製品製造業（家具を除く）,大阪府,"93,410"
木材・木製品製造業（家具を除く）,兵庫県,"55,590"
木材・木製品製造業（家具を除く）,奈良県,"53,985"
木材・木製品製造業（家具を除く）,和歌山県,"38,609"
木材・木製品製造業（家具を除く）,鳥取県,"23,926"
木材・木製品製造業（家具を除く）,島根県,"45,761"
木材・木製品製造業（家具を除く）,岡山県,"85,678"
木材・木製品製造業（家具を除く）,広島県,"161,658"
木材・木製品製造業（家具を除く）,山口県,"46,631"
木材・木製品製造業（家具を除く）,徳島県,"39,599"
木材・木製品製造業（家具を除く）,香川県,"61,126"
木材・木製品製造業（家具を除く）,愛媛県,"36,737"
木材・木製品製造業（家具を除く）,高知県,"21,670"
木材・木製品製造業（家具を除く）,福岡県,"55,135"
木材・木製品製造業（家具を除く）,佐賀県,"27,860"
木材・木製品製造業（家具を除く）,長崎県,"6,818"
木材・木製品製造業（家具を除く）,熊本県,"43,534"
木材・木製品製造業（家具を除く）,大分県,"29,886"
木材・木製品製造業（家具を除く）,宮崎県,"58,520"
木材・木製品製造業（家具を除く）,鹿児島県,"20,629"
木材・木製品製造業（家具を除く）,沖縄県,"1,752"
木材・木製品製造業（家具を除く）,札幌市,"1,467"
木材・木製品製造業（家具を除く）,仙台市,321
木材・木製品製造業（家具を除く）,さいたま市,X
木材・木製品製造業（家具を除く）,千葉市,"20,394"
木材・木製品製造業（家具を除く）,東京特別区,"9,462"
木材・木製品製造業（家具を除く）,横浜市,"11,074"
木材・木製品製造業（家具を除く）,川崎市,X
木材・木製品製造業（家具を除く）,相模原市,"1,319"
木材・木製品製造業（家具を除く）,新潟市,"13,661"
木材・木製品製造業（家具を除く）,静岡市,"28,873"
木材・木製品製造業（家具を除く）,浜松市,"10,516"
木材・木製品製造業（家具を除く）,名古屋市,"24,495"
木材・木製品製造業（家具を除く）,京都市,"10,360"
木材・木製品製造業（家具を除く）,大阪市,"15,003"
木材・木製品製造業（家具を除く）,堺市,"20,517"
木材・木製品製造業（家具を除く）,神戸市,"2,074"
木材・木製品製造業（家具を除く）,岡山市,"19,809"
木材・木製品製造業（家具を除く）,広島市,"7,493"
木材・木製品製造業（家具を除く）,北九州市,"6,898"
木材・木製品製造業（家具を除く）,福岡市,"5,739"
木材・木製品製造業（家具を除く）,熊本市,"2,769"
家具・装備品製造業,全国計,"1,912,535"
家具・装備品製造業,全国計,"1,964,964"
家具・装備品製造業,全国計,"1,956,721"
家具・装備品製造業,全国計,"1,943,036"
家具・装備品製造業,全国計,"1,985,835"
家具・装備品製造業,北海道,"44,603"
家具・装備品製造業,青森県,"5,480"
家具・装備品製造業,岩手県,"6,376"
家具・装備品製造業,宮城県,"11,244"
家具・装備品製造業,秋田県,"10,101"
家具・装備品製造業,山形県,"25,721"
家具・装備品製造業,福島県,"54,568"
家具・装備品製造業,茨城県,"62,168"
家具・装備品製造業,栃木県,"51,672"
家具・装備品製造業,群馬県,"42,890"
家具・装備品製造業,埼玉県,"140,303"
家具・装備品製造業,千葉県,"98,195"
家具・装備品製造業,東京都,"118,017"
家具・装備品製造業,神奈川県,"74,279"
家具・装備品製造業,新潟県,"43,761"
家具・装備品製造業,富山県,"37,838"
家具・装備品製造業,石川県,"62,590"
家具・装備品製造業,福井県,"15,560"
家具・装備品製造業,山梨県,"7,297"
家具・装備品製造業,長野県,"23,973"
家具・装備品製造業,岐阜県,"107,402"
家具・装備品製造業,静岡県,"101,536"
家具・装備品製造業,愛知県,"141,159"
家具・装備品製造業,三重県,"40,888"
家具・装備品製造業,滋賀県,"62,871"
家具・装備品製造業,京都府,"20,482"
家具・装備品製造業,大阪府,"171,250"
家具・装備品製造業,兵庫県,"70,110"
家具・装備品製造業,奈良県,"30,244"
家具・装備品製造業,和歌山県,"16,067"
家具・装備品製造業,鳥取県,"2,114"
家具・装備品製造業,島根県,"7,397"
家具・装備品製造業,岡山県,"32,476"
家具・装備品製造業,広島県,"39,950"
家具・装備品製造業,山口県,"3,698"
家具・装備品製造業,徳島県,"28,560"
家具・装備品製造業,香川県,"12,817"
家具・装備品製造業,愛媛県,"7,277"
家具・装備品製造業,高知県,"3,981"
家具・装備品製造業,福岡県,"78,888"
家具・装備品製造業,佐賀県,"29,023"
家具・装備品製造業,長崎県,"5,273"
家具・装備品製造業,熊本県,"9,972"
家具・装備品製造業,大分県,"10,710"
家具・装備品製造業,宮崎県,"5,884"
家具・装備品製造業,鹿児島県,"4,628"
家具・装備品製造業,沖縄県,"4,541"
家具・装備品製造業,札幌市,"12,356"
家具・装備品製造業,仙台市,"4,356"
家具・装備品製造業,さいたま市,"5,637"
家具・装備品製造業,千葉市,"4,657"
家具・装備品製造業,東京特別区,"30,116"
家具・装備品製造業,横浜市,"11,258"
家具・装備品製造業,川崎市,"1,223"
家具・装備品製造業,相模原市,"2,397"
家具・装備品製造業,新潟市,"7,269"
家具・装備品製造業,静岡市,"17,331"
家具・装備品製造業,浜松市,"10,480"
家具・装備品製造業,名古屋市,"23,250"
家具・装備品製造業,京都市,"13,653"
家具・装備品製造業,大阪市,"17,366"
家具・装備品製造業,堺市,"32,829"
家具・装備品製造業,神戸市,"3,940"
家具・装備品製造業,岡山市,"4,387"
家具・装備品製造業,広島市,"9,431"
家具・装備品製造業,北九州市,"6,581"
家具・装備品製造業,福岡市,"2,612"
家具・装備品製造業,熊本市,"2,567"
パルプ・紙・紙加工品製造業,全国計,"7,279,150"
パルプ・紙・紙加工品製造業,全国計,"7,273,125"
パルプ・紙・紙加工品製造業,全国計,"7,383,746"
パルプ・紙・紙加工品製造業,全国計,"7,548,422"
パルプ・紙・紙加工品製造業,全国計,"7,687,869"
パルプ・紙・紙加工品製造業,北海道,"387,427"
パルプ・紙・紙加工品製造業,青森県,"100,813"
パルプ・紙・紙加工品製造業,岩手県,"56,218"
パルプ・紙・紙加工品製造業,宮城県,"189,072"
パルプ・紙・紙加工品製造業,秋田県,"38,748"
パルプ・紙・紙加工品製造業,山形県,"23,723"
パルプ・紙・紙加工品製造業,福島県,"209,387"
パルプ・紙・紙加工品製造業,茨城県,"247,335"
パルプ・紙・紙加工品製造業,栃木県,"276,316"
パルプ・紙・紙加工品製造業,群馬県,"91,379"
パルプ・紙・紙加工品製造業,埼玉県,"504,161"
パルプ・紙・紙加工品製造業,千葉県,"141,914"
パルプ・紙・紙加工品製造業,東京都,"137,437"
パルプ・紙・紙加工品製造業,神奈川県,"223,419"
パルプ・紙・紙加工品製造業,新潟県,"211,992"
パルプ・紙・紙加工品製造業,富山県,"151,787"
パルプ・紙・紙加工品製造業,石川県,"25,306"
パルプ・紙・紙加工品製造業,福井県,"87,633"
パルプ・紙・紙加工品製造業,山梨県,"22,917"
パルプ・紙・紙加工品製造業,長野県,"81,596"
パルプ・紙・紙加工品製造業,岐阜県,"224,785"
パルプ・紙・紙加工品製造業,静岡県,"870,947"
パルプ・紙・紙加工品製造業,愛知県,"453,006"
パルプ・紙・紙加工品製造業,三重県,"91,844"
パルプ・紙・紙加工品製造業,滋賀県,"183,821"
パルプ・紙・紙加工品製造業,京都府,"130,874"
パルプ・紙・紙加工品製造業,大阪府,"350,687"
パルプ・紙・紙加工品製造業,兵庫県,"320,082"
パルプ・紙・紙加工品製造業,奈良県,"62,607"
パルプ・紙・紙加工品製造業,和歌山県,"39,147"
パルプ・紙・紙加工品製造業,鳥取県,"98,647"
パルプ・紙・紙加工品製造業,島根県,"30,964"
パルプ・紙・紙加工品製造業,岡山県,"119,694"
パルプ・紙・紙加工品製造業,広島県,"109,720"
パルプ・紙・紙加工品製造業,山口県,"95,954"
パルプ・紙・紙加工品製造業,徳島県,"119,790"
パルプ・紙・紙加工品製造業,香川県,"132,122"
パルプ・紙・紙加工品製造業,愛媛県,"570,167"
パルプ・紙・紙加工品製造業,高知県,"65,343"
パルプ・紙・紙加工品製造業,福岡県,"93,507"
パルプ・紙・紙加工品製造業,佐賀県,"80,539"
パルプ・紙・紙加工品製造業,長崎県,"4,632"
パルプ・紙・紙加工品製造業,熊本県,"96,096"
パルプ・紙・紙加工品製造業,大分県,"36,457"
パルプ・紙・紙加工品製造業,宮崎県,"40,618"
パルプ・紙・紙加工品製造業,鹿児島県,"51,383"
パルプ・紙・紙加工品製造業,沖縄県,"5,859"
パルプ・紙・紙加工品製造業,札幌市,"14,302"
パルプ・紙・紙加工品製造業,仙台市,"1,442"
パルプ・紙・紙加工品製造業,さいたま市,"24,710"
パルプ・紙・紙加工品製造業,千葉市,"4,102"
パルプ・紙・紙加工品製造業,東京特別区,"115,441"
パルプ・紙・紙加工品製造業,横浜市,"63,418"
パルプ・紙・紙加工品製造業,川崎市,"17,864"
パルプ・紙・紙加工品製造業,相模原市,"19,477"
パルプ・紙・紙加工品製造業,新潟市,"143,533"
パルプ・紙・紙加工品製造業,静岡市,"35,433"
パルプ・紙・紙加工品製造業,浜松市,"16,563"
パルプ・紙・紙加工品製造業,名古屋市,"29,047"
パルプ・紙・紙加工品製造業,京都市,"24,967"
パルプ・紙・紙加工品製造業,大阪市,"91,449"
パルプ・紙・紙加工品製造業,堺市,"15,511"
パルプ・紙・紙加工品製造業,神戸市,"15,029"
パルプ・紙・紙加工品製造業,岡山市,"38,468"
パルプ・紙・紙加工品製造業,広島市,"13,595"
パルプ・紙・紙加工品製造業,北九州市,"18,019"
パルプ・紙・紙加工品製造業,福岡市,"2,014"
パルプ・紙・紙加工品製造業,熊本市,"11,884"
印刷・同関連業,全国計,"5,357,107"
印刷・同関連業,全国計,"5,107,389"
印刷・同関連業,全国計,"5,076,374"
印刷・同関連業,全国計,"4,828,075"
印刷・同関連業,全国計,"4,845,327"
印刷・同関連業,北海道,"109,038"
印刷・同関連業,青森県,"16,593"
印刷・同関連業,岩手県,"35,967"
印刷・同関連業,宮城県,"94,639"
印刷・同関連業,秋田県,"11,487"
印刷・同関連業,山形県,"29,531"
印刷・同関連業,福島県,"42,862"
印刷・同関連業,茨城県,"128,599"
印刷・同関連業,栃木県,"60,011"
印刷・同関連業,群馬県,"79,678"
印刷・同関連業,埼玉県,"704,185"
印刷・同関連業,千葉県,"106,091"
印刷・同関連業,東京都,"742,493"
印刷・同関連業,神奈川県,"174,115"
印刷・同関連業,新潟県,"83,257"
印刷・同関連業,富山県,"33,868"
印刷・同関連業,石川県,"75,592"
印刷・同関連業,福井県,"31,926"
印刷・同関連業,山梨県,"19,738"
印刷・同関連業,長野県,"69,282"
印刷・同関連業,岐阜県,"90,595"
印刷・同関連業,静岡県,"149,812"
印刷・同関連業,愛知県,"309,388"
印刷・同関連業,三重県,"32,928"
印刷・同関連業,滋賀県,"103,423"
印刷・同関連業,京都府,"207,427"
印刷・同関連業,大阪府,"451,346"
印刷・同関連業,兵庫県,"132,687"
印刷・同関連業,奈良県,"59,087"
印刷・同関連業,和歌山県,"12,788"
印刷・同関連業,鳥取県,"9,964"
印刷・同関連業,島根県,"8,752"
印刷・同関連業,岡山県,"105,271"
印刷・同関連業,広島県,"80,370"
印刷・同関連業,山口県,"27,177"
印刷・同関連業,徳島県,"13,691"
印刷・同関連業,香川県,"58,543"
印刷・同関連業,愛媛県,"22,585"
印刷・同関連業,高知県,"10,539"
印刷・同関連業,福岡県,"184,348"
印刷・同関連業,佐賀県,"15,674"
印刷・同関連業,長崎県,"10,806"
印刷・同関連業,熊本県,"34,443"
印刷・同関連業,大分県,"12,555"
印刷・同関連業,宮崎県,"14,835"
印刷・同関連業,鹿児島県,"18,725"
印刷・同関連業,沖縄県,"18,614"
印刷・同関連業,札幌市,"62,676"
印刷・同関連業,仙台市,"77,385"
印刷・同関連業,さいたま市,"25,557"
印刷・同関連業,千葉市,"13,929"
印刷・同関連業,東京特別区,"637,707"
印刷・同関連業,横浜市,"46,513"
印刷・同関連業,川崎市,"27,297"
印刷・同関連業,相模原市,"19,215"
印刷・同関連業,新潟市,"29,943"
印刷・同関連業,静岡市,"34,488"
印刷・同関連業,浜松市,"20,145"
印刷・同関連業,名古屋市,"143,049"
印刷・同関連業,京都市,"133,256"
印刷・同関連業,大阪市,"227,708"
印刷・同関連業,堺市,"28,646"
印刷・同関連業,神戸市,"23,079"
印刷・同関連業,岡山市,"86,581"
印刷・同関連業,広島市,"38,252"
印刷・同関連業,北九州市,"55,343"
印刷・同関連業,福岡市,"44,818"
印刷・同関連業,熊本市,"15,861"
化学工業,全国計,"28,622,197"
化学工業,全国計,"27,249,576"
化学工業,全国計,"28,724,200"
化学工業,全国計,"29,787,987"
化学工業,全国計,"29,252,783"
化学工業,北海道,"188,615"
化学工業,青森県,"35,790"
化学工業,岩手県,"52,703"
化学工業,宮城県,"84,086"
化学工業,秋田県,"60,405"
化学工業,山形県,"267,878"
化学工業,福島県,"544,851"
化学工業,茨城県,"1,679,554"
化学工業,栃木県,"697,721"
化学工業,群馬県,"774,893"
化学工業,埼玉県,"1,735,581"
化学工業,千葉県,"2,200,943"
化学工業,東京都,"382,970"
化学工業,神奈川県,"1,965,401"
化学工業,新潟県,"639,213"
化学工業,富山県,"777,711"
化学工業,石川県,"174,427"
化学工業,福井県,"246,769"
化学工業,山梨県,"48,817"
化学工業,長野県,"94,773"
化学工業,岐阜県,"281,404"
化学工業,静岡県,"1,902,279"
化学工業,愛知県,"1,312,675"
化学工業,三重県,"1,287,921"
化学工業,滋賀県,"1,036,540"
化学工業,京都府,"210,639"
化学工業,大阪府,"1,657,040"
化学工業,兵庫県,"2,157,806"
化学工業,奈良県,"120,484"
化学工業,和歌山県,"380,481"
化学工業,鳥取県,"5,166"
化学工業,島根県,"33,274"
化学工業,岡山県,"1,101,805"
化学工業,広島県,"434,332"
化学工業,山口県,"1,978,346"
化学工業,徳島県,"629,526"
化学工業,香川県,"167,323"
化学工業,愛媛県,"343,946"
化学工業,高知県,"10,791"
化学工業,福岡県,"498,216"
化学工業,佐賀県,"160,044"
化学工業,長崎県,"21,989"
化学工業,熊本県,"132,788"
化学工業,大分県,"549,596"
化学工業,宮崎県,"152,128"
化学工業,鹿児島県,"25,177"
化学工業,沖縄県,"7,967"
化学工業,札幌市,"23,652"
化学工業,仙台市,"19,344"
化学工業,さいたま市,"171,042"
化学工業,千葉市,"27,267"
化学工業,東京特別区,"314,139"
化学工業,横浜市,"109,133"
化学工業,川崎市,"930,539"
化学工業,相模原市,"52,486"
化学工業,新潟市,"230,165"
化学工業,静岡市,"110,020"
化学工業,浜松市,"23,902"
化学工業,名古屋市,"193,774"
化学工業,京都市,"74,570"
化学工業,大阪市,"519,935"
化学工業,堺市,"201,866"
化学工業,神戸市,"399,826"
化学工業,岡山市,"96,122"
化学工業,広島市,"46,257"
化学工業,北九州市,"221,481"
化学工業,福岡市,"10,472"
化学工業,熊本市,"47,266"
石油製品・石炭製品製造業,全国計,"14,554,768"
石油製品・石炭製品製造業,全国計,"11,580,381"
石油製品・石炭製品製造業,全国計,"13,286,745"
石油製品・石炭製品製造業,全国計,"15,015,511"
石油製品・石炭製品製造業,全国計,"13,844,350"
石油製品・石炭製品製造業,北海道,"784,831"
石油製品・石炭製品製造業,青森県,"8,453"
石油製品・石炭製品製造業,岩手県,"11,163"
石油製品・石炭製品製造業,宮城県,"552,077"
石油製品・石炭製品製造業,秋田県,"4,948"
石油製品・石炭製品製造業,山形県,"4,362"
石油製品・石炭製品製造業,福島県,"16,329"
石油製品・石炭製品製造業,茨城県,"67,285"
石油製品・石炭製品製造業,栃木県,"24,720"
石油製品・石炭製品製造業,群馬県,"8,935"
石油製品・石炭製品製造業,埼玉県,"38,618"
石油製品・石炭製品製造業,千葉県,"2,847,956"
石油製品・石炭製品製造業,東京都,"29,945"
石油製品・石炭製品製造業,神奈川県,"2,337,308"
石油製品・石炭製品製造業,新潟県,"17,385"
石油製品・石炭製品製造業,富山県,"5,896"
石油製品・石炭製品製造業,石川県,"5,035"
石油製品・石炭製品製造業,福井県,"5,016"
石油製品・石炭製品製造業,山梨県,"2,718"
石油製品・石炭製品製造業,長野県,"8,058"
石油製品・石炭製品製造業,岐阜県,"11,894"
石油製品・石炭製品製造業,静岡県,"28,858"
石油製品・石炭製品製造業,愛知県,"771,493"
石油製品・石炭製品製造業,三重県,"524,792"
石油製品・石炭製品製造業,滋賀県,"6,895"
石油製品・石炭製品製造業,京都府,"8,766"
石油製品・石炭製品製造業,大阪府,"1,351,559"
石油製品・石炭製品製造業,兵庫県,"171,655"
石油製品・石炭製品製造業,奈良県,X
石油製品・石炭製品製造業,和歌山県,"543,817"
石油製品・石炭製品製造業,鳥取県,"2,219"
石油製品・石炭製品製造業,島根県,"2,524"
石油製品・石炭製品製造業,岡山県,"1,207,115"
石油製品・石炭製品製造業,広島県,"13,419"
石油製品・石炭製品製造業,山口県,"952,210"
石油製品・石炭製品製造業,徳島県,X
石油製品・石炭製品製造業,香川県,"155,875"
石油製品・石炭製品製造業,愛媛県,"611,839"
石油製品・石炭製品製造業,高知県,"2,476"
石油製品・石炭製品製造業,福岡県,"99,977"
石油製品・石炭製品製造業,佐賀県,"3,457"
石油製品・石炭製品製造業,長崎県,"1,622"
石油製品・石炭製品製造業,熊本県,"11,460"
石油製品・石炭製品製造業,大分県,"549,989"
石油製品・石炭製品製造業,宮崎県,"5,143"
石油製品・石炭製品製造業,鹿児島県,"5,906"
石油製品・石炭製品製造業,沖縄県,"6,186"
石油製品・石炭製品製造業,札幌市,"5,283"
石油製品・石炭製品製造業,仙台市,"542,177"
石油製品・石炭製品製造業,さいたま市,X
石油製品・石炭製品製造業,千葉市,X
石油製品・石炭製品製造業,東京特別区,X
石油製品・石炭製品製造業,横浜市,"1,129,118"
石油製品・石炭製品製造業,川崎市,"1,189,026"
石油製品・石炭製品製造業,相模原市,X
石油製品・石炭製品製造業,新潟市,"3,716"
石油製品・石炭製品製造業,静岡市,"2,629"
石油製品・石炭製品製造業,浜松市,"4,395"
石油製品・石炭製品製造業,名古屋市,"8,245"
石油製品・石炭製品製造業,京都市,X
石油製品・石炭製品製造業,大阪市,"12,328"
石油製品・石炭製品製造業,堺市,"897,441"
石油製品・石炭製品製造業,神戸市,"40,277"
石油製品・石炭製品製造業,岡山市,"2,163"
石油製品・石炭製品製造業,広島市,X
石油製品・石炭製品製造業,北九州市,"86,629"
石油製品・石炭製品製造業,福岡市,X
石油製品・石炭製品製造業,熊本市,X
プラスチック製品製造業（別掲を除く）,全国計,"11,767,119"
プラスチック製品製造業（別掲を除く）,全国計,"11,764,478"
プラスチック製品製造業（別掲を除く）,全国計,"12,442,948"
プラスチック製品製造業（別掲を除く）,全国計,"12,985,894"
プラスチック製品製造業（別掲を除く）,全国計,"12,962,929"
プラスチック製品製造業（別掲を除く）,北海道,"93,879"
プラスチック製品製造業（別掲を除く）,青森県,"16,827"
プラスチック製品製造業（別掲を除く）,岩手県,"85,512"
プラスチック製品製造業（別掲を除く）,宮城県,"105,436"
プラスチック製品製造業（別掲を除く）,秋田県,"25,962"
プラスチック製品製造業（別掲を除く）,山形県,"62,105"
プラスチック製品製造業（別掲を除く）,福島県,"229,540"
プラスチック製品製造業（別掲を除く）,茨城県,"809,852"
プラスチック製品製造業（別掲を除く）,栃木県,"597,090"
プラスチック製品製造業（別掲を除く）,群馬県,"550,009"
プラスチック製品製造業（別掲を除く）,埼玉県,"678,622"
プラスチック製品製造業（別掲を除く）,千葉県,"289,545"
プラスチック製品製造業（別掲を除く）,東京都,"118,947"
プラスチック製品製造業（別掲を除く）,神奈川県,"483,142"
プラスチック製品製造業（別掲を除く）,新潟県,"190,996"
プラスチック製品製造業（別掲を除く）,富山県,"181,061"
プラスチック製品製造業（別掲を除く）,石川県,"59,290"
プラスチック製品製造業（別掲を除く）,福井県,"171,516"
プラスチック製品製造業（別掲を除く）,山梨県,"90,662"
プラスチック製品製造業（別掲を除く）,長野県,"190,221"
プラスチック製品製造業（別掲を除く）,岐阜県,"531,327"
プラスチック製品製造業（別掲を除く）,静岡県,"755,933"
プラスチック製品製造業（別掲を除く）,愛知県,"1,670,754"
プラスチック製品製造業（別掲を除く）,三重県,"524,745"
プラスチック製品製造業（別掲を除く）,滋賀県,"673,968"
プラスチック製品製造業（別掲を除く）,京都府,"159,022"
プラスチック製品製造業（別掲を除く）,大阪府,"808,800"
プラスチック製品製造業（別掲を除く）,兵庫県,"485,241"
プラスチック製品製造業（別掲を除く）,奈良県,"163,987"
プラスチック製品製造業（別掲を除く）,和歌山県,"45,562"
プラスチック製品製造業（別掲を除く）,鳥取県,"24,671"
プラスチック製品製造業（別掲を除く）,島根県,"28,690"
プラスチック製品製造業（別掲を除く）,岡山県,"295,358"
プラスチック製品製造業（別掲を除く）,広島県,"587,701"
プラスチック製品製造業（別掲を除く）,山口県,"125,740"
プラスチック製品製造業（別掲を除く）,徳島県,"48,715"
プラスチック製品製造業（別掲を除く）,香川県,"129,566"
プラスチック製品製造業（別掲を除く）,愛媛県,"175,013"
プラスチック製品製造業（別掲を除く）,高知県,"12,111"
プラスチック製品製造業（別掲を除く）,福岡県,"311,485"
プラスチック製品製造業（別掲を除く）,佐賀県,"59,847"
プラスチック製品製造業（別掲を除く）,長崎県,"19,810"
プラスチック製品製造業（別掲を除く）,熊本県,"127,865"
プラスチック製品製造業（別掲を除く）,大分県,"81,934"
プラスチック製品製造業（別掲を除く）,宮崎県,"58,664"
プラスチック製品製造業（別掲を除く）,鹿児島県,"15,791"
プラスチック製品製造業（別掲を除く）,沖縄県,"10,416"
プラスチック製品製造業（別掲を除く）,札幌市,"10,782"
プラスチック製品製造業（別掲を除く）,仙台市,"3,675"
プラスチック製品製造業（別掲を除く）,さいたま市,"34,664"
プラスチック製品製造業（別掲を除く）,千葉市,"11,797"
プラスチック製品製造業（別掲を除く）,東京特別区,"82,430"
プラスチック製品製造業（別掲を除く）,横浜市,"75,026"
プラスチック製品製造業（別掲を除く）,川崎市,"32,467"
プラスチック製品製造業（別掲を除く）,相模原市,"138,949"
プラスチック製品製造業（別掲を除く）,新潟市,"10,608"
プラスチック製品製造業（別掲を除く）,静岡市,"56,776"
プラスチック製品製造業（別掲を除く）,浜松市,"151,472"
プラスチック製品製造業（別掲を除く）,名古屋市,"121,989"
プラスチック製品製造業（別掲を除く）,京都市,"23,113"
プラスチック製品製造業（別掲を除く）,大阪市,"113,181"
プラスチック製品製造業（別掲を除く）,堺市,"35,749"
プラスチック製品製造業（別掲を除く）,神戸市,"81,221"
プラスチック製品製造業（別掲を除く）,岡山市,"64,841"
プラスチック製品製造業（別掲を除く）,広島市,"58,196"
プラスチック製品製造業（別掲を除く）,北九州市,"43,863"
プラスチック製品製造業（別掲を除く）,福岡市,"7,161"
プラスチック製品製造業（別掲を除く）,熊本市,"11,619"
ゴム製品製造業,全国計,"3,499,393"
ゴム製品製造業,全国計,"3,113,143"
ゴム製品製造業,全国計,"3,167,969"
ゴム製品製造業,全国計,"3,332,608"
ゴム製品製造業,全国計,"3,335,912"
ゴム製品製造業,北海道,"12,488"
ゴム製品製造業,青森県,"1,867"
ゴム製品製造業,岩手県,"6,217"
ゴム製品製造業,宮城県,"72,269"
ゴム製品製造業,秋田県,"4,351"
ゴム製品製造業,山形県,"4,084"
ゴム製品製造業,福島県,"202,710"
ゴム製品製造業,茨城県,"77,604"
ゴム製品製造業,栃木県,"153,778"
ゴム製品製造業,群馬県,"48,929"
ゴム製品製造業,埼玉県,"131,830"
ゴム製品製造業,千葉県,"45,000"
ゴム製品製造業,東京都,"34,144"
ゴム製品製造業,神奈川県,"109,151"
ゴム製品製造業,新潟県,"15,528"
ゴム製品製造業,富山県,"15,434"
ゴム製品製造業,石川県,"5,524"
ゴム製品製造業,福井県,X
ゴム製品製造業,山梨県,"22,962"
ゴム製品製造業,長野県,"14,907"
ゴム製品製造業,岐阜県,"63,918"
ゴム製品製造業,静岡県,"191,571"
ゴム製品製造業,愛知県,"432,226"
ゴム製品製造業,三重県,"224,398"
ゴム製品製造業,滋賀県,"109,884"
ゴム製品製造業,京都府,"21,200"
ゴム製品製造業,大阪府,"132,737"
ゴム製品製造業,兵庫県,"136,348"
ゴム製品製造業,奈良県,"65,970"
ゴム製品製造業,和歌山県,"21,005"
ゴム製品製造業,鳥取県,"7,576"
ゴム製品製造業,島根県,"6,894"
ゴム製品製造業,岡山県,"114,870"
ゴム製品製造業,広島県,"100,476"
ゴム製品製造業,山口県,"179,195"
ゴム製品製造業,徳島県,"9,232"
ゴム製品製造業,香川県,"16,627"
ゴム製品製造業,愛媛県,"4,312"
ゴム製品製造業,高知県,***
ゴム製品製造業,福岡県,"249,292"
ゴム製品製造業,佐賀県,"56,346"
ゴム製品製造業,長崎県,980
ゴム製品製造業,熊本県,"74,199"
ゴム製品製造業,大分県,"22,850"
ゴム製品製造業,宮崎県,"112,992"
ゴム製品製造業,鹿児島県,X
ゴム製品製造業,沖縄県,***
ゴム製品製造業,札幌市,"1,419"
ゴム製品製造業,仙台市,X
ゴム製品製造業,さいたま市,"16,421"
ゴム製品製造業,千葉市,"1,902"
ゴム製品製造業,東京特別区,"30,057"
ゴム製品製造業,横浜市,"22,448"
ゴム製品製造業,川崎市,X
ゴム製品製造業,相模原市,"3,162"
ゴム製品製造業,新潟市,"3,730"
ゴム製品製造業,静岡市,"11,090"
ゴム製品製造業,浜松市,"16,415"
ゴム製品製造業,名古屋市,"19,769"
ゴム製品製造業,京都市,X
ゴム製品製造業,大阪市,"35,495"
ゴム製品製造業,堺市,"6,658"
ゴム製品製造業,神戸市,"28,971"
ゴム製品製造業,岡山市,"9,146"
ゴム製品製造業,広島市,"41,222"
ゴム製品製造業,北九州市,"62,439"
ゴム製品製造業,福岡市,X
ゴム製品製造業,熊本市,X
なめし革・同製品・毛皮製造業,全国計,"335,674"
なめし革・同製品・毛皮製造業,全国計,"346,328"
なめし革・同製品・毛皮製造業,全国計,"353,775"
なめし革・同製品・毛皮製造業,全国計,"332,436"
なめし革・同製品・毛皮製造業,全国計,"325,618"
なめし革・同製品・毛皮製造業,北海道,"6,995"
なめし革・同製品・毛皮製造業,青森県,***
なめし革・同製品・毛皮製造業,岩手県,"8,475"
なめし革・同製品・毛皮製造業,宮城県,"1,344"
なめし革・同製品・毛皮製造業,秋田県,"2,145"
なめし革・同製品・毛皮製造業,山形県,"19,627"
なめし革・同製品・毛皮製造業,福島県,"14,999"
なめし革・同製品・毛皮製造業,茨城県,"2,444"
なめし革・同製品・毛皮製造業,栃木県,"2,217"
なめし革・同製品・毛皮製造業,群馬県,688
なめし革・同製品・毛皮製造業,埼玉県,"13,814"
なめし革・同製品・毛皮製造業,千葉県,"11,440"
なめし革・同製品・毛皮製造業,東京都,"61,375"
なめし革・同製品・毛皮製造業,神奈川県,"8,616"
なめし革・同製品・毛皮製造業,新潟県,"2,522"
なめし革・同製品・毛皮製造業,富山県,"3,001"
なめし革・同製品・毛皮製造業,石川県,400
なめし革・同製品・毛皮製造業,福井県,X
なめし革・同製品・毛皮製造業,山梨県,"3,268"
なめし革・同製品・毛皮製造業,長野県,"2,935"
なめし革・同製品・毛皮製造業,岐阜県,283
なめし革・同製品・毛皮製造業,静岡県,"7,716"
なめし革・同製品・毛皮製造業,愛知県,"24,427"
なめし革・同製品・毛皮製造業,三重県,***
なめし革・同製品・毛皮製造業,滋賀県,427
なめし革・同製品・毛皮製造業,京都府,"8,960"
なめし革・同製品・毛皮製造業,大阪府,"22,040"
なめし革・同製品・毛皮製造業,兵庫県,"55,952"
なめし革・同製品・毛皮製造業,奈良県,"5,546"
なめし革・同製品・毛皮製造業,和歌山県,"1,056"
なめし革・同製品・毛皮製造業,鳥取県,X
なめし革・同製品・毛皮製造業,島根県,870
なめし革・同製品・毛皮製造業,岡山県,"1,829"
なめし革・同製品・毛皮製造業,広島県,"3,542"
なめし革・同製品・毛皮製造業,山口県,***
なめし革・同製品・毛皮製造業,徳島県,226
なめし革・同製品・毛皮製造業,香川県,"6,840"
なめし革・同製品・毛皮製造業,愛媛県,X
なめし革・同製品・毛皮製造業,高知県,X
なめし革・同製品・毛皮製造業,福岡県,"3,174"
なめし革・同製品・毛皮製造業,佐賀県,"9,731"
なめし革・同製品・毛皮製造業,長崎県,X
なめし革・同製品・毛皮製造業,熊本県,X
なめし革・同製品・毛皮製造業,大分県,"3,177"
なめし革・同製品・毛皮製造業,宮崎県,***
なめし革・同製品・毛皮製造業,鹿児島県,X
なめし革・同製品・毛皮製造業,沖縄県,X
なめし革・同製品・毛皮製造業,札幌市,X
なめし革・同製品・毛皮製造業,仙台市,***
なめし革・同製品・毛皮製造業,さいたま市,548
なめし革・同製品・毛皮製造業,千葉市,***
なめし革・同製品・毛皮製造業,東京特別区,X
なめし革・同製品・毛皮製造業,横浜市,X
なめし革・同製品・毛皮製造業,川崎市,X
なめし革・同製品・毛皮製造業,相模原市,X
なめし革・同製品・毛皮製造業,新潟市,X
なめし革・同製品・毛皮製造業,静岡市,X
なめし革・同製品・毛皮製造業,浜松市,"1,929"
なめし革・同製品・毛皮製造業,名古屋市,"2,083"
なめし革・同製品・毛皮製造業,京都市,"7,039"
なめし革・同製品・毛皮製造業,大阪市,"12,728"
なめし革・同製品・毛皮製造業,堺市,744
なめし革・同製品・毛皮製造業,神戸市,"11,784"
なめし革・同製品・毛皮製造業,岡山市,X
なめし革・同製品・毛皮製造業,広島市,X
なめし革・同製品・毛皮製造業,北九州市,X
なめし革・同製品・毛皮製造業,福岡市,588
なめし革・同製品・毛皮製造業,熊本市,***
窯業・土石製品製造業,全国計,"7,474,087"
窯業・土石製品製造業,全国計,"7,137,322"
窯業・土石製品製造業,全国計,"7,533,117"
窯業・土石製品製造業,全国計,"7,815,735"
窯業・土石製品製造業,全国計,"7,653,456"
窯業・土石製品製造業,北海道,"199,071"
窯業・土石製品製造業,青森県,"41,958"
窯業・土石製品製造業,岩手県,"101,443"
窯業・土石製品製造業,宮城県,"121,126"
窯業・土石製品製造業,秋田県,"34,421"
窯業・土石製品製造業,山形県,"109,528"
窯業・土石製品製造業,福島県,"198,401"
窯業・土石製品製造業,茨城県,"336,570"
窯業・土石製品製造業,栃木県,"168,176"
窯業・土石製品製造業,群馬県,"95,532"
窯業・土石製品製造業,埼玉県,"280,457"
窯業・土石製品製造業,千葉県,"302,015"
窯業・土石製品製造業,東京都,"159,573"
窯業・土石製品製造業,神奈川県,"293,886"
窯業・土石製品製造業,新潟県,"102,127"
窯業・土石製品製造業,富山県,"100,605"
窯業・土石製品製造業,石川県,"73,680"
窯業・土石製品製造業,福井県,"57,092"
窯業・土石製品製造業,山梨県,"74,667"
窯業・土石製品製造業,長野県,"146,127"
窯業・土石製品製造業,岐阜県,"385,001"
窯業・土石製品製造業,静岡県,"157,813"
窯業・土石製品製造業,愛知県,"840,885"
窯業・土石製品製造業,三重県,"274,749"
窯業・土石製品製造業,滋賀県,"382,446"
窯業・土石製品製造業,京都府,"206,508"
窯業・土石製品製造業,大阪府,"230,526"
窯業・土石製品製造業,兵庫県,"315,796"
窯業・土石製品製造業,奈良県,"32,322"
窯業・土石製品製造業,和歌山県,"44,250"
窯業・土石製品製造業,鳥取県,"9,391"
窯業・土石製品製造業,島根県,"36,919"
窯業・土石製品製造業,岡山県,"245,440"
窯業・土石製品製造業,広島県,"135,933"
窯業・土石製品製造業,山口県,"234,274"
窯業・土石製品製造業,徳島県,"19,581"
窯業・土石製品製造業,香川県,"67,948"
窯業・土石製品製造業,愛媛県,"41,198"
窯業・土石製品製造業,高知県,"61,370"
窯業・土石製品製造業,福岡県,"378,768"
窯業・土石製品製造業,佐賀県,"43,744"
窯業・土石製品製造業,長崎県,"44,173"
窯業・土石製品製造業,熊本県,"82,282"
窯業・土石製品製造業,大分県,"114,038"
窯業・土石製品製造業,宮崎県,"34,830"
窯業・土石製品製造業,鹿児島県,"168,966"
窯業・土石製品製造業,沖縄県,"67,849"
窯業・土石製品製造業,札幌市,"11,698"
窯業・土石製品製造業,仙台市,"24,434"
窯業・土石製品製造業,さいたま市,"11,175"
窯業・土石製品製造業,千葉市,"23,660"
窯業・土石製品製造業,東京特別区,"103,164"
窯業・土石製品製造業,横浜市,"67,444"
窯業・土石製品製造業,川崎市,"26,579"
窯業・土石製品製造業,相模原市,"49,404"
窯業・土石製品製造業,新潟市,"13,901"
窯業・土石製品製造業,静岡市,"14,883"
窯業・土石製品製造業,浜松市,"17,485"
窯業・土石製品製造業,名古屋市,"154,634"
窯業・土石製品製造業,京都市,"37,137"
窯業・土石製品製造業,大阪市,"37,266"
窯業・土石製品製造業,堺市,"74,217"
窯業・土石製品製造業,神戸市,"24,983"
窯業・土石製品製造業,岡山市,"31,822"
窯業・土石製品製造業,広島市,"23,165"
窯業・土石製品製造業,北九州市,"125,968"
窯業・土石製品製造業,福岡市,"17,337"
窯業・土石製品製造業,熊本市,"15,662"
鉄鋼業,全国計,"17,841,972"
鉄鋼業,全国計,"15,669,288"
鉄鋼業,全国計,"17,555,822"
鉄鋼業,全国計,"18,651,956"
鉄鋼業,全国計,"17,747,599"
鉄鋼業,北海道,"395,386"
鉄鋼業,青森県,"93,067"
鉄鋼業,岩手県,"94,833"
鉄鋼業,宮城県,"182,389"
鉄鋼業,秋田県,"18,998"
鉄鋼業,山形県,"30,659"
鉄鋼業,福島県,"117,309"
鉄鋼業,茨城県,"830,956"
鉄鋼業,栃木県,"244,310"
鉄鋼業,群馬県,"270,488"
鉄鋼業,埼玉県,"376,433"
鉄鋼業,千葉県,"1,626,987"
鉄鋼業,東京都,"164,620"
鉄鋼業,神奈川県,"679,193"
鉄鋼業,新潟県,"223,159"
鉄鋼業,富山県,"186,870"
鉄鋼業,石川県,"60,891"
鉄鋼業,福井県,"25,460"
鉄鋼業,山梨県,"8,719"
鉄鋼業,長野県,"53,931"
鉄鋼業,岐阜県,"244,645"
鉄鋼業,静岡県,"217,968"
鉄鋼業,愛知県,"2,392,145"
鉄鋼業,三重県,"118,409"
鉄鋼業,滋賀県,"112,396"
鉄鋼業,京都府,"76,251"
鉄鋼業,大阪府,"1,441,868"
鉄鋼業,兵庫県,"1,960,286"
鉄鋼業,奈良県,"36,749"
鉄鋼業,和歌山県,"516,878"
鉄鋼業,鳥取県,"17,010"
鉄鋼業,島根県,"167,349"
鉄鋼業,岡山県,"956,203"
鉄鋼業,広島県,"1,186,977"
鉄鋼業,山口県,"620,736"
鉄鋼業,徳島県,"39,953"
鉄鋼業,香川県,"49,448"
鉄鋼業,愛媛県,"117,620"
鉄鋼業,高知県,"42,500"
鉄鋼業,福岡県,"976,907"
鉄鋼業,佐賀県,"38,997"
鉄鋼業,長崎県,"33,631"
鉄鋼業,熊本県,"57,623"
鉄鋼業,大分県,"587,407"
鉄鋼業,宮崎県,"21,679"
鉄鋼業,鹿児島県,"4,503"
鉄鋼業,沖縄県,"26,807"
鉄鋼業,札幌市,"22,448"
鉄鋼業,仙台市,"83,396"
鉄鋼業,さいたま市,"15,526"
鉄鋼業,千葉市,"432,192"
鉄鋼業,東京特別区,"126,841"
鉄鋼業,横浜市,"62,380"
鉄鋼業,川崎市,"454,539"
鉄鋼業,相模原市,"17,284"
鉄鋼業,新潟市,"27,473"
鉄鋼業,静岡市,"22,393"
鉄鋼業,浜松市,"46,299"
鉄鋼業,名古屋市,"339,289"
鉄鋼業,京都市,"6,635"
鉄鋼業,大阪市,"457,001"
鉄鋼業,堺市,"466,624"
鉄鋼業,神戸市,"209,889"
鉄鋼業,岡山市,"28,106"
鉄鋼業,広島市,"14,905"
鉄鋼業,北九州市,"843,900"
鉄鋼業,福岡市,"6,906"
鉄鋼業,熊本市,"13,644"
非鉄金属製造業,全国計,"9,679,541"
非鉄金属製造業,全国計,"8,889,207"
非鉄金属製造業,全国計,"9,762,006"
非鉄金属製造業,全国計,"10,229,037"
非鉄金属製造業,全国計,"9,614,166"
非鉄金属製造業,北海道,"15,512"
非鉄金属製造業,青森県,"274,946"
非鉄金属製造業,岩手県,"27,916"
非鉄金属製造業,宮城県,"83,400"
非鉄金属製造業,秋田県,"66,794"
非鉄金属製造業,山形県,"54,014"
非鉄金属製造業,福島県,"201,272"
非鉄金属製造業,茨城県,"648,438"
非鉄金属製造業,栃木県,"397,237"
非鉄金属製造業,群馬県,"124,273"
非鉄金属製造業,埼玉県,"590,433"
非鉄金属製造業,千葉県,"342,934"
非鉄金属製造業,東京都,"146,353"
非鉄金属製造業,神奈川県,"344,974"
非鉄金属製造業,新潟県,"81,227"
非鉄金属製造業,富山県,"382,735"
非鉄金属製造業,石川県,"37,339"
非鉄金属製造業,福井県,"135,652"
非鉄金属製造業,山梨県,"43,227"
非鉄金属製造業,長野県,"115,074"
非鉄金属製造業,岐阜県,"97,413"
非鉄金属製造業,静岡県,"505,413"
非鉄金属製造業,愛知県,"538,542"
非鉄金属製造業,三重県,"418,873"
非鉄金属製造業,滋賀県,"152,138"
非鉄金属製造業,京都府,"96,221"
非鉄金属製造業,大阪府,"768,901"
非鉄金属製造業,兵庫県,"294,539"
非鉄金属製造業,奈良県,"26,265"
非鉄金属製造業,和歌山県,"23,412"
非鉄金属製造業,鳥取県,X
非鉄金属製造業,島根県,"17,226"
非鉄金属製造業,岡山県,"83,774"
非鉄金属製造業,広島県,"283,928"
非鉄金属製造業,山口県,"119,471"
非鉄金属製造業,徳島県,X
非鉄金属製造業,香川県,"421,240"
非鉄金属製造業,愛媛県,"735,300"
非鉄金属製造業,高知県,X
非鉄金属製造業,福岡県,"142,222"
非鉄金属製造業,佐賀県,"118,850"
非鉄金属製造業,長崎県,708
非鉄金属製造業,熊本県,"39,877"
非鉄金属製造業,大分県,"559,953"
非鉄金属製造業,宮崎県,"3,323"
非鉄金属製造業,鹿児島県,"39,687"
非鉄金属製造業,沖縄県,***
非鉄金属製造業,札幌市,X
非鉄金属製造業,仙台市,***
非鉄金属製造業,さいたま市,"6,164"
非鉄金属製造業,千葉市,"19,847"
非鉄金属製造業,東京特別区,"61,147"
非鉄金属製造業,横浜市,"20,137"
非鉄金属製造業,川崎市,"5,146"
非鉄金属製造業,相模原市,"19,738"
非鉄金属製造業,新潟市,"33,406"
非鉄金属製造業,静岡市,"129,805"
非鉄金属製造業,浜松市,"11,147"
非鉄金属製造業,名古屋市,"165,157"
非鉄金属製造業,京都市,"56,256"
非鉄金属製造業,大阪市,"237,764"
非鉄金属製造業,堺市,"307,932"
非鉄金属製造業,神戸市,"20,688"
非鉄金属製造業,岡山市,"20,624"
非鉄金属製造業,広島市,"34,199"
非鉄金属製造業,北九州市,"83,560"
非鉄金属製造業,福岡市,720
非鉄金属製造業,熊本市,"1,643"
金属製品製造業,全国計,"14,305,700"
金属製品製造業,全国計,"14,398,614"
金属製品製造業,全国計,"15,198,944"
金属製品製造業,全国計,"15,821,724"
金属製品製造業,全国計,"15,965,293"
金属製品製造業,北海道,"315,772"
金属製品製造業,青森県,"58,343"
金属製品製造業,岩手県,"122,944"
金属製品製造業,宮城県,"207,579"
金属製品製造業,秋田県,"74,954"
金属製品製造業,山形県,"106,210"
金属製品製造業,福島県,"274,319"
金属製品製造業,茨城県,"852,581"
金属製品製造業,栃木県,"496,242"
金属製品製造業,群馬県,"465,429"
金属製品製造業,埼玉県,"784,799"
金属製品製造業,千葉県,"690,878"
金属製品製造業,東京都,"272,446"
金属製品製造業,神奈川県,"685,566"
金属製品製造業,新潟県,"561,925"
金属製品製造業,富山県,"420,057"
金属製品製造業,石川県,"149,233"
金属製品製造業,福井県,"117,438"
金属製品製造業,山梨県,"107,701"
金属製品製造業,長野県,"352,270"
金属製品製造業,岐阜県,"492,296"
金属製品製造業,静岡県,"581,938"
金属製品製造業,愛知県,"1,656,718"
金属製品製造業,三重県,"408,218"
金属製品製造業,滋賀県,"422,187"
金属製品製造業,京都府,"214,445"
金属製品製造業,大阪府,"1,584,434"
金属製品製造業,兵庫県,"870,977"
金属製品製造業,奈良県,"165,250"
金属製品製造業,和歌山県,"92,341"
金属製品製造業,鳥取県,"44,605"
金属製品製造業,島根県,"41,489"
金属製品製造業,岡山県,"262,172"
金属製品製造業,広島県,"329,633"
金属製品製造業,山口県,"194,225"
金属製品製造業,徳島県,"77,240"
金属製品製造業,香川県,"179,245"
金属製品製造業,愛媛県,"73,071"
金属製品製造業,高知県,"19,284"
金属製品製造業,福岡県,"567,971"
金属製品製造業,佐賀県,"105,828"
金属製品製造業,長崎県,"70,079"
金属製品製造業,熊本県,"177,671"
金属製品製造業,大分県,"74,104"
金属製品製造業,宮崎県,"39,220"
金属製品製造業,鹿児島県,"51,539"
金属製品製造業,沖縄県,"52,426"
金属製品製造業,札幌市,"65,190"
金属製品製造業,仙台市,"19,790"
金属製品製造業,さいたま市,"64,875"
金属製品製造業,千葉市,"55,167"
金属製品製造業,東京特別区,"207,421"
金属製品製造業,横浜市,"233,016"
金属製品製造業,川崎市,"67,001"
金属製品製造業,相模原市,"153,393"
金属製品製造業,新潟市,"110,149"
金属製品製造業,静岡市,"88,473"
金属製品製造業,浜松市,"98,041"
金属製品製造業,名古屋市,"223,925"
金属製品製造業,京都市,"75,396"
金属製品製造業,大阪市,"417,736"
金属製品製造業,堺市,"247,609"
金属製品製造業,神戸市,"65,737"
金属製品製造業,岡山市,"51,941"
金属製品製造業,広島市,"86,199"
金属製品製造業,北九州市,"244,954"
金属製品製造業,福岡市,"9,921"
金属製品製造業,熊本市,"26,205"
はん用機械器具製造業,全国計,"10,823,091"
はん用機械器具製造業,全国計,"11,124,756"
はん用機械器具製造業,全国計,"11,779,695"
はん用機械器具製造業,全国計,"12,345,195"
はん用機械器具製造業,全国計,"12,162,013"
はん用機械器具製造業,北海道,"57,578"
はん用機械器具製造業,青森県,"4,785"
はん用機械器具製造業,岩手県,"118,445"
はん用機械器具製造業,宮城県,"31,066"
はん用機械器具製造業,秋田県,"19,529"
はん用機械器具製造業,山形県,"65,210"
はん用機械器具製造業,福島県,"214,905"
はん用機械器具製造業,茨城県,"632,420"
はん用機械器具製造業,栃木県,"344,596"
はん用機械器具製造業,群馬県,"276,872"
はん用機械器具製造業,埼玉県,"417,611"
はん用機械器具製造業,千葉県,"228,540"
はん用機械器具製造業,東京都,"181,206"
はん用機械器具製造業,神奈川県,"787,751"
はん用機械器具製造業,新潟県,"223,867"
はん用機械器具製造業,富山県,"79,815"
はん用機械器具製造業,石川県,"117,768"
はん用機械器具製造業,福井県,"21,353"
はん用機械器具製造業,山梨県,"102,360"
はん用機械器具製造業,長野県,"398,283"
はん用機械器具製造業,岐阜県,"338,134"
はん用機械器具製造業,静岡県,"324,003"
はん用機械器具製造業,愛知県,"1,346,364"
はん用機械器具製造業,三重県,"363,919"
はん用機械器具製造業,滋賀県,"744,949"
はん用機械器具製造業,京都府,"196,133"
はん用機械器具製造業,大阪府,"893,409"
はん用機械器具製造業,兵庫県,"1,207,632"
はん用機械器具製造業,奈良県,"58,372"
はん用機械器具製造業,和歌山県,"365,244"
はん用機械器具製造業,鳥取県,"10,058"
はん用機械器具製造業,島根県,"62,547"
はん用機械器具製造業,岡山県,"247,685"
はん用機械器具製造業,広島県,"525,650"
はん用機械器具製造業,山口県,"103,369"
はん用機械器具製造業,徳島県,"67,827"
はん用機械器具製造業,香川県,"116,714"
はん用機械器具製造業,愛媛県,"183,823"
はん用機械器具製造業,高知県,"13,589"
はん用機械器具製造業,福岡県,"184,711"
はん用機械器具製造業,佐賀県,"19,588"
はん用機械器具製造業,長崎県,"338,470"
はん用機械器具製造業,熊本県,"8,907"
はん用機械器具製造業,大分県,"88,928"
はん用機械器具製造業,宮崎県,"20,635"
はん用機械器具製造業,鹿児島県,"5,547"
はん用機械器具製造業,沖縄県,"1,846"
はん用機械器具製造業,札幌市,"6,966"
はん用機械器具製造業,仙台市,"2,178"
はん用機械器具製造業,さいたま市,"20,339"
はん用機械器具製造業,千葉市,"10,027"
はん用機械器具製造業,東京特別区,"81,695"
はん用機械器具製造業,横浜市,"179,579"
はん用機械器具製造業,川崎市,"38,856"
はん用機械器具製造業,相模原市,"196,715"
はん用機械器具製造業,新潟市,"19,486"
はん用機械器具製造業,静岡市,"106,731"
はん用機械器具製造業,浜松市,"21,925"
はん用機械器具製造業,名古屋市,"64,636"
はん用機械器具製造業,京都市,"13,959"
はん用機械器具製造業,大阪市,"163,535"
はん用機械器具製造業,堺市,"264,941"
はん用機械器具製造業,神戸市,"438,064"
はん用機械器具製造業,岡山市,"50,981"
はん用機械器具製造業,広島市,"111,302"
はん用機械器具製造業,北九州市,"27,760"
はん用機械器具製造業,福岡市,"5,931"
はん用機械器具製造業,熊本市,"2,643"
生産用機械器具製造業,全国計,"17,837,419"
生産用機械器具製造業,全国計,"18,106,818"
生産用機械器具製造業,全国計,"20,521,076"
生産用機械器具製造業,全国計,"22,048,194"
生産用機械器具製造業,全国計,"20,853,325"
生産用機械器具製造業,北海道,"99,902"
生産用機械器具製造業,青森県,"42,950"
生産用機械器具製造業,岩手県,"274,387"
生産用機械器具製造業,宮城県,"419,393"
生産用機械器具製造業,秋田県,"100,350"
生産用機械器具製造業,山形県,"243,316"
生産用機械器具製造業,福島県,"165,337"
生産用機械器具製造業,茨城県,"1,244,098"
生産用機械器具製造業,栃木県,"678,092"
生産用機械器具製造業,群馬県,"305,188"
生産用機械器具製造業,埼玉県,"572,899"
生産用機械器具製造業,千葉県,"572,898"
生産用機械器具製造業,東京都,"391,308"
生産用機械器具製造業,神奈川県,"1,167,859"
生産用機械器具製造業,新潟県,"419,956"
生産用機械器具製造業,富山県,"502,194"
生産用機械器具製造業,石川県,"747,652"
生産用機械器具製造業,福井県,"100,820"
生産用機械器具製造業,山梨県,"755,766"
生産用機械器具製造業,長野県,"696,908"
生産用機械器具製造業,岐阜県,"511,618"
生産用機械器具製造業,静岡県,"853,850"
生産用機械器具製造業,愛知県,"2,306,021"
生産用機械器具製造業,三重県,"322,933"
生産用機械器具製造業,滋賀県,"593,165"
生産用機械器具製造業,京都府,"429,148"
生産用機械器具製造業,大阪府,"1,510,560"
生産用機械器具製造業,兵庫県,"1,207,998"
生産用機械器具製造業,奈良県,"148,315"
生産用機械器具製造業,和歌山県,"109,286"
生産用機械器具製造業,鳥取県,"23,057"
生産用機械器具製造業,島根県,"64,019"
生産用機械器具製造業,岡山県,"323,423"
生産用機械器具製造業,広島県,"896,025"
生産用機械器具製造業,山口県,"239,343"
生産用機械器具製造業,徳島県,"71,651"
生産用機械器具製造業,香川県,"173,139"
生産用機械器具製造業,愛媛県,"242,665"
生産用機械器具製造業,高知県,"73,086"
生産用機械器具製造業,福岡県,"443,588"
生産用機械器具製造業,佐賀県,"96,874"
生産用機械器具製造業,長崎県,"35,173"
生産用機械器具製造業,熊本県,"487,038"
生産用機械器具製造業,大分県,"58,274"
生産用機械器具製造業,宮崎県,"61,451"
生産用機械器具製造業,鹿児島県,"65,025"
生産用機械器具製造業,沖縄県,"5,327"
生産用機械器具製造業,札幌市,"14,225"
生産用機械器具製造業,仙台市,"3,751"
生産用機械器具製造業,さいたま市,"15,876"
生産用機械器具製造業,千葉市,"240,376"
生産用機械器具製造業,東京特別区,"195,820"
生産用機械器具製造業,横浜市,"215,533"
生産用機械器具製造業,川崎市,"100,137"
生産用機械器具製造業,相模原市,"126,860"
生産用機械器具製造業,新潟市,"52,456"
生産用機械器具製造業,静岡市,"95,764"
生産用機械器具製造業,浜松市,"191,277"
生産用機械器具製造業,名古屋市,"229,028"
生産用機械器具製造業,京都市,"210,079"
生産用機械器具製造業,大阪市,"236,411"
生産用機械器具製造業,堺市,"295,237"
生産用機械器具製造業,神戸市,"104,569"
生産用機械器具製造業,岡山市,"144,821"
生産用機械器具製造業,広島市,"389,940"
生産用機械器具製造業,北九州市,"123,558"
生産用機械器具製造業,福岡市,"13,571"
生産用機械器具製造業,熊本市,"45,960"
業務用機械器具製造業,全国計,"7,310,980"
業務用機械器具製造業,全国計,"7,129,504"
業務用機械器具製造業,全国計,"6,927,107"
業務用機械器具製造業,全国計,"6,887,269"
業務用機械器具製造業,全国計,"6,753,278"
業務用機械器具製造業,北海道,"7,529"
業務用機械器具製造業,青森県,"123,886"
業務用機械器具製造業,岩手県,"116,784"
業務用機械器具製造業,宮城県,"74,109"
業務用機械器具製造業,秋田県,"85,404"
業務用機械器具製造業,山形県,"57,423"
業務用機械器具製造業,福島県,"275,732"
業務用機械器具製造業,茨城県,"262,380"
業務用機械器具製造業,栃木県,"288,332"
業務用機械器具製造業,群馬県,"366,860"
業務用機械器具製造業,埼玉県,"477,955"
業務用機械器具製造業,千葉県,"142,266"
業務用機械器具製造業,東京都,"304,016"
業務用機械器具製造業,神奈川県,"549,649"
業務用機械器具製造業,新潟県,"142,373"
業務用機械器具製造業,富山県,"35,601"
業務用機械器具製造業,石川県,"121,384"
業務用機械器具製造業,福井県,"9,595"
業務用機械器具製造業,山梨県,"107,827"
業務用機械器具製造業,長野県,"398,126"
業務用機械器具製造業,岐阜県,"57,081"
業務用機械器具製造業,静岡県,"260,246"
業務用機械器具製造業,愛知県,"777,828"
業務用機械器具製造業,三重県,"186,445"
業務用機械器具製造業,滋賀県,"181,029"
業務用機械器具製造業,京都府,"305,716"
業務用機械器具製造業,大阪府,"196,160"
業務用機械器具製造業,兵庫県,"281,428"
業務用機械器具製造業,奈良県,"141,656"
業務用機械器具製造業,和歌山県,"14,927"
業務用機械器具製造業,鳥取県,"7,839"
業務用機械器具製造業,島根県,"19,486"
業務用機械器具製造業,岡山県,"27,150"
業務用機械器具製造業,広島県,"85,584"
業務用機械器具製造業,山口県,X
業務用機械器具製造業,徳島県,333
業務用機械器具製造業,香川県,"7,773"
業務用機械器具製造業,愛媛県,X
業務用機械器具製造業,高知県,"24,861"
業務用機械器具製造業,福岡県,"35,155"
業務用機械器具製造業,佐賀県,"4,182"
業務用機械器具製造業,長崎県,"40,595"
業務用機械器具製造業,熊本県,"11,193"
業務用機械器具製造業,大分県,"89,999"
業務用機械器具製造業,宮崎県,"27,226"
業務用機械器具製造業,鹿児島県,"4,608"
業務用機械器具製造業,沖縄県,"3,624"
業務用機械器具製造業,札幌市,"3,678"
業務用機械器具製造業,仙台市,"2,371"
業務用機械器具製造業,さいたま市,"73,866"
業務用機械器具製造業,千葉市,"21,534"
業務用機械器具製造業,東京特別区,"170,465"
業務用機械器具製造業,横浜市,"76,599"
業務用機械器具製造業,川崎市,"35,310"
業務用機械器具製造業,相模原市,"77,503"
業務用機械器具製造業,新潟市,"3,582"
業務用機械器具製造業,静岡市,"5,747"
業務用機械器具製造業,浜松市,"31,629"
業務用機械器具製造業,名古屋市,"252,036"
業務用機械器具製造業,京都市,"245,295"
業務用機械器具製造業,大阪市,"55,757"
業務用機械器具製造業,堺市,"4,485"
業務用機械器具製造業,神戸市,"53,676"
業務用機械器具製造業,岡山市,"5,472"
業務用機械器具製造業,広島市,"5,106"
業務用機械器具製造業,北九州市,"17,293"
業務用機械器具製造業,福岡市,661
業務用機械器具製造業,熊本市,"1,204"
電子部品・デバイス・電子回路製造業,全国計,"14,788,256"
電子部品・デバイス・電子回路製造業,全国計,"14,531,555"
電子部品・デバイス・電子回路製造業,全国計,"15,929,532"
電子部品・デバイス・電子回路製造業,全国計,"16,142,612"
電子部品・デバイス・電子回路製造業,全国計,"14,124,033"
電子部品・デバイス・電子回路製造業,北海道,"206,462"
電子部品・デバイス・電子回路製造業,青森県,"251,586"
電子部品・デバイス・電子回路製造業,岩手県,"196,023"
電子部品・デバイス・電子回路製造業,宮城県,"440,575"
電子部品・デバイス・電子回路製造業,秋田県,"373,368"
電子部品・デバイス・電子回路製造業,山形県,"500,710"
電子部品・デバイス・電子回路製造業,福島県,"485,027"
電子部品・デバイス・電子回路製造業,茨城県,"409,771"
電子部品・デバイス・電子回路製造業,栃木県,"215,143"
電子部品・デバイス・電子回路製造業,群馬県,"205,933"
電子部品・デバイス・電子回路製造業,埼玉県,"337,596"
電子部品・デバイス・電子回路製造業,千葉県,"178,611"
電子部品・デバイス・電子回路製造業,東京都,"325,476"
電子部品・デバイス・電子回路製造業,神奈川県,"380,137"
電子部品・デバイス・電子回路製造業,新潟県,"336,133"
電子部品・デバイス・電子回路製造業,富山県,"327,157"
電子部品・デバイス・電子回路製造業,石川県,"371,877"
電子部品・デバイス・電子回路製造業,福井県,"341,023"
電子部品・デバイス・電子回路製造業,山梨県,"221,053"
電子部品・デバイス・電子回路製造業,長野県,"736,236"
電子部品・デバイス・電子回路製造業,岐阜県,"166,086"
電子部品・デバイス・電子回路製造業,静岡県,"323,245"
電子部品・デバイス・電子回路製造業,愛知県,"306,493"
電子部品・デバイス・電子回路製造業,三重県,"1,495,693"
電子部品・デバイス・電子回路製造業,滋賀県,"445,798"
電子部品・デバイス・電子回路製造業,京都府,"391,051"
電子部品・デバイス・電子回路製造業,大阪府,"391,753"
電子部品・デバイス・電子回路製造業,兵庫県,"381,997"
電子部品・デバイス・電子回路製造業,奈良県,"2,010"
電子部品・デバイス・電子回路製造業,和歌山県,"17,200"
電子部品・デバイス・電子回路製造業,鳥取県,"148,025"
電子部品・デバイス・電子回路製造業,島根県,"244,825"
電子部品・デバイス・電子回路製造業,岡山県,"272,118"
電子部品・デバイス・電子回路製造業,広島県,"335,916"
電子部品・デバイス・電子回路製造業,山口県,"67,315"
電子部品・デバイス・電子回路製造業,徳島県,"438,357"
電子部品・デバイス・電子回路製造業,香川県,"42,705"
電子部品・デバイス・電子回路製造業,愛媛県,"36,992"
電子部品・デバイス・電子回路製造業,高知県,X
電子部品・デバイス・電子回路製造業,福岡県,"190,155"
電子部品・デバイス・電子回路製造業,佐賀県,"201,595"
電子部品・デバイス・電子回路製造業,長崎県,"300,328"
電子部品・デバイス・電子回路製造業,熊本県,"342,004"
電子部品・デバイス・電子回路製造業,大分県,"269,260"
電子部品・デバイス・電子回路製造業,宮崎県,"174,226"
電子部品・デバイス・電子回路製造業,鹿児島県,"292,290"
電子部品・デバイス・電子回路製造業,沖縄県,X
電子部品・デバイス・電子回路製造業,札幌市,***
電子部品・デバイス・電子回路製造業,仙台市,"35,867"
電子部品・デバイス・電子回路製造業,さいたま市,"6,863"
電子部品・デバイス・電子回路製造業,千葉市,"8,289"
電子部品・デバイス・電子回路製造業,東京特別区,"21,383"
電子部品・デバイス・電子回路製造業,横浜市,"94,098"
電子部品・デバイス・電子回路製造業,川崎市,"51,175"
電子部品・デバイス・電子回路製造業,相模原市,"45,349"
電子部品・デバイス・電子回路製造業,新潟市,"15,233"
電子部品・デバイス・電子回路製造業,静岡市,"16,904"
電子部品・デバイス・電子回路製造業,浜松市,"153,938"
電子部品・デバイス・電子回路製造業,名古屋市,"9,467"
電子部品・デバイス・電子回路製造業,京都市,"300,160"
電子部品・デバイス・電子回路製造業,大阪市,"43,241"
電子部品・デバイス・電子回路製造業,堺市,"118,008"
電子部品・デバイス・電子回路製造業,神戸市,"10,186"
電子部品・デバイス・電子回路製造業,岡山市,"9,151"
電子部品・デバイス・電子回路製造業,広島市,"6,995"
電子部品・デバイス・電子回路製造業,北九州市,"5,507"
電子部品・デバイス・電子回路製造業,福岡市,"63,149"
電子部品・デバイス・電子回路製造業,熊本市,"35,845"
電気機械器具製造業,全国計,"17,365,594"
電気機械器具製造業,全国計,"16,388,349"
電気機械器具製造業,全国計,"17,259,380"
電気機械器具製造業,全国計,"18,789,866"
電気機械器具製造業,全国計,"18,229,337"
電気機械器具製造業,北海道,"41,752"
電気機械器具製造業,青森県,"65,051"
電気機械器具製造業,岩手県,"61,184"
電気機械器具製造業,宮城県,"160,097"
電気機械器具製造業,秋田県,"28,493"
電気機械器具製造業,山形県,"157,818"
電気機械器具製造業,福島県,"225,991"
電気機械器具製造業,茨城県,"831,479"
電気機械器具製造業,栃木県,"961,251"
電気機械器具製造業,群馬県,"444,908"
電気機械器具製造業,埼玉県,"489,415"
電気機械器具製造業,千葉県,"178,255"
電気機械器具製造業,東京都,"774,003"
電気機械器具製造業,神奈川県,"760,431"
電気機械器具製造業,新潟県,"317,310"
電気機械器具製造業,富山県,"54,161"
電気機械器具製造業,石川県,"110,920"
電気機械器具製造業,福井県,"207,003"
電気機械器具製造業,山梨県,"105,048"
電気機械器具製造業,長野県,"370,056"
電気機械器具製造業,岐阜県,"332,569"
電気機械器具製造業,静岡県,"2,506,608"
電気機械器具製造業,愛知県,"2,774,416"
電気機械器具製造業,三重県,"697,768"
電気機械器具製造業,滋賀県,"746,271"
電気機械器具製造業,京都府,"369,878"
電気機械器具製造業,大阪府,"1,050,493"
電気機械器具製造業,兵庫県,"1,516,764"
電気機械器具製造業,奈良県,"51,233"
電気機械器具製造業,和歌山県,"16,647"
電気機械器具製造業,鳥取県,"86,984"
電気機械器具製造業,島根県,"38,072"
電気機械器具製造業,岡山県,"207,324"
電気機械器具製造業,広島県,"250,388"
電気機械器具製造業,山口県,"32,804"
電気機械器具製造業,徳島県,"52,525"
電気機械器具製造業,香川県,"177,582"
電気機械器具製造業,愛媛県,"104,371"
電気機械器具製造業,高知県,"10,218"
電気機械器具製造業,福岡県,"312,377"
電気機械器具製造業,佐賀県,"184,986"
電気機械器具製造業,長崎県,"45,280"
電気機械器具製造業,熊本県,"143,808"
電気機械器具製造業,大分県,"37,932"
電気機械器具製造業,宮崎県,"43,824"
電気機械器具製造業,鹿児島県,"88,543"
電気機械器具製造業,沖縄県,"5,045"
電気機械器具製造業,札幌市,"11,258"
電気機械器具製造業,仙台市,"22,134"
電気機械器具製造業,さいたま市,"22,401"
電気機械器具製造業,千葉市,"6,684"
電気機械器具製造業,東京特別区,"104,359"
電気機械器具製造業,横浜市,"129,495"
電気機械器具製造業,川崎市,"97,462"
電気機械器具製造業,相模原市,"136,898"
電気機械器具製造業,新潟市,"27,253"
電気機械器具製造業,静岡市,"915,801"
電気機械器具製造業,浜松市,"127,923"
電気機械器具製造業,名古屋市,"460,049"
電気機械器具製造業,京都市,"218,155"
電気機械器具製造業,大阪市,"270,958"
電気機械器具製造業,堺市,"47,792"
電気機械器具製造業,神戸市,"324,057"
電気機械器具製造業,岡山市,"20,435"
電気機械器具製造業,広島市,"55,501"
電気機械器具製造業,北九州市,"46,200"
電気機械器具製造業,福岡市,"29,269"
電気機械器具製造業,熊本市,"14,250"
情報通信機械器具製造業,全国計,"8,652,175"
情報通信機械器具製造業,全国計,"6,754,917"
情報通信機械器具製造業,全国計,"6,706,611"
情報通信機械器具製造業,全国計,"6,910,123"
情報通信機械器具製造業,全国計,"6,711,605"
情報通信機械器具製造業,北海道,"12,898"
情報通信機械器具製造業,青森県,"5,238"
情報通信機械器具製造業,岩手県,"29,262"
情報通信機械器具製造業,宮城県,"146,169"
情報通信機械器具製造業,秋田県,"8,901"
情報通信機械器具製造業,山形県,"327,993"
情報通信機械器具製造業,福島県,"521,236"
情報通信機械器具製造業,茨城県,"56,326"
情報通信機械器具製造業,栃木県,"170,155"
情報通信機械器具製造業,群馬県,"91,226"
情報通信機械器具製造業,埼玉県,"377,297"
情報通信機械器具製造業,千葉県,"148,082"
情報通信機械器具製造業,東京都,"477,667"
情報通信機械器具製造業,神奈川県,"704,689"
情報通信機械器具製造業,新潟県,"73,514"
情報通信機械器具製造業,富山県,"7,736"
情報通信機械器具製造業,石川県,"186,840"
情報通信機械器具製造業,福井県,"8,746"
情報通信機械器具製造業,山梨県,"131,457"
情報通信機械器具製造業,長野県,"1,087,300"
情報通信機械器具製造業,岐阜県,"99,376"
情報通信機械器具製造業,静岡県,"276,364"
情報通信機械器具製造業,愛知県,"202,569"
情報通信機械器具製造業,三重県,"143,360"
情報通信機械器具製造業,滋賀県,"48,813"
情報通信機械器具製造業,京都府,"92,290"
情報通信機械器具製造業,大阪府,"232,634"
情報通信機械器具製造業,兵庫県,"455,211"
情報通信機械器具製造業,奈良県,X
情報通信機械器具製造業,和歌山県,"3,170"
情報通信機械器具製造業,鳥取県,"25,815"
情報通信機械器具製造業,島根県,"177,518"
情報通信機械器具製造業,岡山県,"22,661"
情報通信機械器具製造業,広島県,"13,328"
情報通信機械器具製造業,山口県,X
情報通信機械器具製造業,徳島県,X
情報通信機械器具製造業,香川県,***
情報通信機械器具製造業,愛媛県,X
情報通信機械器具製造業,高知県,***
情報通信機械器具製造業,福岡県,"13,798"
情報通信機械器具製造業,佐賀県,"9,256"
情報通信機械器具製造業,長崎県,X
情報通信機械器具製造業,熊本県,X
情報通信機械器具製造業,大分県,"173,615"
情報通信機械器具製造業,宮崎県,"53,642"
情報通信機械器具製造業,鹿児島県,"8,378"
情報通信機械器具製造業,沖縄県,***
情報通信機械器具製造業,札幌市,829
情報通信機械器具製造業,仙台市,X
情報通信機械器具製造業,さいたま市,"2,080"
情報通信機械器具製造業,千葉市,"12,622"
情報通信機械器具製造業,東京特別区,"26,357"
情報通信機械器具製造業,横浜市,"281,613"
情報通信機械器具製造業,川崎市,"114,307"
情報通信機械器具製造業,相模原市,"33,164"
情報通信機械器具製造業,新潟市,X
情報通信機械器具製造業,静岡市,X
情報通信機械器具製造業,浜松市,"30,013"
情報通信機械器具製造業,名古屋市,"2,433"
情報通信機械器具製造業,京都市,"12,297"
情報通信機械器具製造業,大阪市,"14,857"
情報通信機械器具製造業,堺市,X
情報通信機械器具製造業,神戸市,"125,408"
情報通信機械器具製造業,岡山市,X
情報通信機械器具製造業,広島市,X
情報通信機械器具製造業,北九州市,X
情報通信機械器具製造業,福岡市,X
情報通信機械器具製造業,熊本市,***
輸送用機械器具製造業,全国計,"64,653,939"
輸送用機械器具製造業,全国計,"65,140,850"
輸送用機械器具製造業,全国計,"68,263,488"
輸送用機械器具製造業,全国計,"70,090,641"
輸送用機械器具製造業,全国計,"67,993,768"
輸送用機械器具製造業,北海道,"382,084"
輸送用機械器具製造業,青森県,"46,621"
輸送用機械器具製造業,岩手県,"651,042"
輸送用機械器具製造業,宮城県,"564,341"
輸送用機械器具製造業,秋田県,"67,079"
輸送用機械器具製造業,山形県,"126,105"
輸送用機械器具製造業,福島県,"504,058"
輸送用機械器具製造業,茨城県,"968,368"
輸送用機械器具製造業,栃木県,"1,310,687"
輸送用機械器具製造業,群馬県,"3,349,337"
輸送用機械器具製造業,埼玉県,"2,423,183"
輸送用機械器具製造業,千葉県,"131,385"
輸送用機械器具製造業,東京都,"1,208,746"
輸送用機械器具製造業,神奈川県,"3,745,245"
輸送用機械器具製造業,新潟県,"243,861"
輸送用機械器具製造業,富山県,"157,654"
輸送用機械器具製造業,石川県,"172,679"
輸送用機械器具製造業,福井県,"201,433"
輸送用機械器具製造業,山梨県,"105,586"
輸送用機械器具製造業,長野県,"402,740"
輸送用機械器具製造業,岐阜県,"1,157,751"
輸送用機械器具製造業,静岡県,"4,284,150"
輸送用機械器具製造業,愛知県,"26,663,352"
輸送用機械器具製造業,三重県,"2,731,960"
輸送用機械器具製造業,滋賀県,"1,085,879"
輸送用機械器具製造業,京都府,"436,753"
輸送用機械器具製造業,大阪府,"1,562,174"
輸送用機械器具製造業,兵庫県,"1,741,964"
輸送用機械器具製造業,奈良県,"176,692"
輸送用機械器具製造業,和歌山県,"19,473"
輸送用機械器具製造業,鳥取県,"28,912"
輸送用機械器具製造業,島根県,"83,146"
輸送用機械器具製造業,岡山県,"1,004,777"
輸送用機械器具製造業,広島県,"3,256,942"
輸送用機械器具製造業,山口県,"1,181,705"
輸送用機械器具製造業,徳島県,"17,233"
輸送用機械器具製造業,香川県,"304,535"
輸送用機械器具製造業,愛媛県,"431,062"
輸送用機械器具製造業,高知県,"38,494"
輸送用機械器具製造業,福岡県,"3,353,780"
輸送用機械器具製造業,佐賀県,"250,575"
輸送用機械器具製造業,長崎県,"301,910"
輸送用機械器具製造業,熊本県,"396,348"
輸送用機械器具製造業,大分県,"640,361"
輸送用機械器具製造業,宮崎県,"63,211"
輸送用機械器具製造業,鹿児島県,"15,822"
輸送用機械器具製造業,沖縄県,"2,574"
輸送用機械器具製造業,札幌市,"26,470"
輸送用機械器具製造業,仙台市,"4,359"
輸送用機械器具製造業,さいたま市,"47,788"
輸送用機械器具製造業,千葉市,"2,352"
輸送用機械器具製造業,東京特別区,"51,510"
輸送用機械器具製造業,横浜市,"366,869"
輸送用機械器具製造業,川崎市,"545,066"
輸送用機械器具製造業,相模原市,"88,213"
輸送用機械器具製造業,新潟市,"93,992"
輸送用機械器具製造業,静岡市,"55,844"
輸送用機械器具製造業,浜松市,"817,283"
輸送用機械器具製造業,名古屋市,"420,031"
輸送用機械器具製造業,京都市,"95,219"
輸送用機械器具製造業,大阪市,"170,704"
輸送用機械器具製造業,堺市,"270,221"
輸送用機械器具製造業,神戸市,"494,326"
輸送用機械器具製造業,岡山市,"43,562"
輸送用機械器具製造業,広島市,"1,891,529"
輸送用機械器具製造業,北九州市,"175,587"
輸送用機械器具製造業,福岡市,"17,319"
輸送用機械器具製造業,熊本市,"46,318"
その他の製造業,全国計,"4,065,612"
その他の製造業,全国計,"3,843,568"
その他の製造業,全国計,"4,155,650"
その他の製造業,全国計,"4,201,854"
その他の製造業,全国計,"4,520,904"
その他の製造業,北海道,"38,426"
その他の製造業,青森県,"6,867"
その他の製造業,岩手県,"44,872"
その他の製造業,宮城県,"44,322"
その他の製造業,秋田県,"11,207"
その他の製造業,山形県,"187,122"
その他の製造業,福島県,"40,606"
その他の製造業,茨城県,"212,872"
その他の製造業,栃木県,"78,125"
その他の製造業,群馬県,"76,211"
その他の製造業,埼玉県,"276,882"
その他の製造業,千葉県,"125,155"
その他の製造業,東京都,"231,656"
その他の製造業,神奈川県,"121,464"
その他の製造業,新潟県,"31,476"
その他の製造業,富山県,"142,273"
その他の製造業,石川県,"29,631"
その他の製造業,福井県,"97,834"
その他の製造業,山梨県,"53,740"
その他の製造業,長野県,"131,822"
その他の製造業,岐阜県,"53,250"
その他の製造業,静岡県,"196,800"
その他の製造業,愛知県,"352,490"
その他の製造業,三重県,"103,014"
その他の製造業,滋賀県,"147,822"
その他の製造業,京都府,"513,636"
その他の製造業,大阪府,"195,958"
その他の製造業,兵庫県,"178,986"
その他の製造業,奈良県,"371,516"
その他の製造業,和歌山県,"17,600"
その他の製造業,鳥取県,"4,644"
その他の製造業,島根県,"2,710"
その他の製造業,岡山県,"40,259"
その他の製造業,広島県,"84,590"
その他の製造業,山口県,"12,292"
その他の製造業,徳島県,"28,084"
その他の製造業,香川県,"23,802"
その他の製造業,愛媛県,"10,980"
その他の製造業,高知県,"24,360"
その他の製造業,福岡県,"40,671"
その他の製造業,佐賀県,"63,551"
その他の製造業,長崎県,"11,403"
その他の製造業,熊本県,"11,750"
その他の製造業,大分県,"6,332"
その他の製造業,宮崎県,"20,820"
その他の製造業,鹿児島県,"15,739"
その他の製造業,沖縄県,"5,280"
その他の製造業,札幌市,"7,373"
その他の製造業,仙台市,"5,714"
その他の製造業,さいたま市,"20,739"
その他の製造業,千葉市,"13,204"
その他の製造業,東京特別区,"140,130"
その他の製造業,横浜市,"24,904"
その他の製造業,川崎市,"3,549"
その他の製造業,相模原市,"13,268"
その他の製造業,新潟市,"6,937"
その他の製造業,静岡市,"44,251"
その他の製造業,浜松市,"42,591"
その他の製造業,名古屋市,"14,998"
その他の製造業,京都市,"35,234"
その他の製造業,大阪市,"56,133"
その他の製造業,堺市,"14,031"
その他の製造業,神戸市,"30,806"
その他の製造業,岡山市,"25,035"
その他の製造業,広島市,"27,278"
その他の製造業,北九州市,"5,459"
その他の製造業,福岡市,"5,506"
その他の製造業,熊本市,"1,677"